,score,time_this_iter_s,done,training_iteration,trial_id,date,timestamp,time_total_s,pid,hostname,node_ip,time_since_restore,iterations_since_restore,config/activation,config/hidden,config/lr,logdir
45,0.0088181383907794,0.4725267887115478,False,930,6e25a_00045,2023-05-13_13-43-36,1683978216,631.578706741333,4050,Julians-MBP,127.0.0.1,631.578706741333,930,Tanh,6,0.0005,"/Users/julianvanmeggelen/ray_results/lambda_2023-05-13_12-32-15/lambda_6e25a_00045_45_activation=Tanh,hidden=6,lr=0.0005_2023-05-13_13-33-04"
37,0.008824810385704,0.4030847549438476,False,930,6e25a_00037,2023-05-13_13-23-39,1683977019,380.4323379993439,4050,Julians-MBP,127.0.0.1,380.4323379993439,930,Tanh,4,0.0005,"/Users/julianvanmeggelen/ray_results/lambda_2023-05-13_12-32-15/lambda_6e25a_00037_37_activation=Tanh,hidden=4,lr=0.0005_2023-05-13_13-17-19"
57,0.0088402833789587,0.3136289119720459,False,930,6e25a_00057,2023-05-13_13-54-20,1683978860,299.17446184158325,4050,Julians-MBP,127.0.0.1,299.17446184158325,930,Tanh,3,0.001,"/Users/julianvanmeggelen/ray_results/lambda_2023-05-13_12-32-15/lambda_6e25a_00057_57_activation=Tanh,hidden=3,lr=0.0010_2023-05-13_13-49-21"
65,0.0088603720068931,0.4199161529541015,False,930,6e25a_00065,2023-05-13_14-06-23,1683979583,386.4002561569214,4050,Julians-MBP,127.0.0.1,386.4002561569214,930,Tanh,5,0.001,"/Users/julianvanmeggelen/ray_results/lambda_2023-05-13_12-32-15/lambda_6e25a_00065_65_activation=Tanh,hidden=5,lr=0.0010_2023-05-13_13-59-56"
61,0.0089212674647569,0.3379619121551513,False,930,6e25a_00061,2023-05-13_13-59-56,1683979196,336.1693630218506,4050,Julians-MBP,127.0.0.1,336.1693630218506,930,Tanh,4,0.001,"/Users/julianvanmeggelen/ray_results/lambda_2023-05-13_12-32-15/lambda_6e25a_00061_61_activation=Tanh,hidden=4,lr=0.0010_2023-05-13_13-54-20"
33,0.0089643029496073,0.3579680919647217,False,930,6e25a_00033,2023-05-13_13-17-19,1683976639,325.8073620796204,4050,Julians-MBP,127.0.0.1,325.8073620796204,930,Tanh,3,0.0005,"/Users/julianvanmeggelen/ray_results/lambda_2023-05-13_12-32-15/lambda_6e25a_00033_33_activation=Tanh,hidden=3,lr=0.0005_2023-05-13_13-11-53"
41,0.0089753754436969,0.5783407688140869,False,930,6e25a_00041,2023-05-13_13-33-04,1683977584,564.158313035965,4050,Julians-MBP,127.0.0.1,564.158313035965,930,Tanh,5,0.0005,"/Users/julianvanmeggelen/ray_results/lambda_2023-05-13_12-32-15/lambda_6e25a_00041_41_activation=Tanh,hidden=5,lr=0.0005_2023-05-13_13-23-40"
93,0.0089887287467718,0.4197759628295898,False,930,6e25a_00093,2023-05-13_14-43-34,1683981814,567.4122817516327,4050,Julians-MBP,127.0.0.1,567.4122817516327,930,Tanh,6,0.005,"/Users/julianvanmeggelen/ray_results/lambda_2023-05-13_12-32-15/lambda_6e25a_00093_93_activation=Tanh,hidden=6,lr=0.0050_2023-05-13_14-34-07"
69,0.00901092402637,0.6705358028411865,False,930,6e25a_00069,2023-05-13_14-13-32,1683980012,429.4245448112488,4050,Julians-MBP,127.0.0.1,429.4245448112488,930,Tanh,6,0.001,"/Users/julianvanmeggelen/ray_results/lambda_2023-05-13_12-32-15/lambda_6e25a_00069_69_activation=Tanh,hidden=6,lr=0.0010_2023-05-13_14-06-23"
85,0.0090173706412315,0.3214139938354492,False,930,6e25a_00085,2023-05-13_14-27-43,1683980863,328.44673109054565,4050,Julians-MBP,127.0.0.1,328.44673109054565,930,Tanh,4,0.005,"/Users/julianvanmeggelen/ray_results/lambda_2023-05-13_12-32-15/lambda_6e25a_00085_85_activation=Tanh,hidden=4,lr=0.0050_2023-05-13_14-22-15"
21,0.0090272631496191,0.5195508003234863,False,930,6e25a_00021,2023-05-13_13-07-17,1683976037,499.91607880592346,4050,Julians-MBP,127.0.0.1,499.91607880592346,930,Tanh,6,0.0001,"/Users/julianvanmeggelen/ray_results/lambda_2023-05-13_12-32-15/lambda_6e25a_00021_21_activation=Tanh,hidden=6,lr=0.0001_2023-05-13_12-58-57"
53,0.0090590752661228,0.2505252361297607,False,930,6e25a_00053,2023-05-13_13-49-21,1683978561,344.73003697395325,4050,Julians-MBP,127.0.0.1,344.73003697395325,930,Tanh,2,0.001,"/Users/julianvanmeggelen/ray_results/lambda_2023-05-13_12-32-15/lambda_6e25a_00053_53_activation=Tanh,hidden=2,lr=0.0010_2023-05-13_13-43-36"
49,0.0091120079159736,0.2326531410217285,False,930,6e25a_00049,2023-05-13_13-42-48,1683978168,259.7429819107056,4049,Julians-MBP,127.0.0.1,259.7429819107056,930,Tanh,1,0.001,"/Users/julianvanmeggelen/ray_results/lambda_2023-05-13_12-32-15/lambda_6e25a_00049_49_activation=Tanh,hidden=1,lr=0.0010_2023-05-13_13-38-28"
78,0.0091151436790823,0.2275409698486328,False,930,6e25a_00078,2023-05-13_14-19-46,1683980386,229.7110378742218,4047,Julians-MBP,127.0.0.1,229.7110378742218,930,Sigmoid,2,0.005,"/Users/julianvanmeggelen/ray_results/lambda_2023-05-13_12-32-15/lambda_6e25a_00078_78_activation=Sigmoid,hidden=2,lr=0.0050_2023-05-13_14-15-56"
29,0.0091423541307449,0.2707417011260986,False,930,6e25a_00029,2023-05-13_13-11-53,1683976313,275.672742843628,4050,Julians-MBP,127.0.0.1,275.672742843628,930,Tanh,2,0.0005,"/Users/julianvanmeggelen/ray_results/lambda_2023-05-13_12-32-15/lambda_6e25a_00029_29_activation=Tanh,hidden=2,lr=0.0005_2023-05-13_13-07-17"
77,0.0091444179415702,0.2450511455535888,False,930,6e25a_00077,2023-05-13_14-17-30,1683980250,237.38062000274655,4050,Julians-MBP,127.0.0.1,237.38062000274655,930,Tanh,2,0.005,"/Users/julianvanmeggelen/ray_results/lambda_2023-05-13_12-32-15/lambda_6e25a_00077_77_activation=Tanh,hidden=2,lr=0.0050_2023-05-13_14-13-33"
25,0.009158213622868,0.2067630290985107,False,930,6e25a_00025,2023-05-13_13-07-01,1683976021,216.17889404296875,4047,Julians-MBP,127.0.0.1,216.17889404296875,930,Tanh,1,0.0005,"/Users/julianvanmeggelen/ray_results/lambda_2023-05-13_12-32-15/lambda_6e25a_00025_25_activation=Tanh,hidden=1,lr=0.0005_2023-05-13_13-03-25"
17,0.0092484364286065,0.4715499877929687,False,930,6e25a_00017,2023-05-13_12-59-24,1683975564,462.755884885788,4048,Julians-MBP,127.0.0.1,462.755884885788,930,Tanh,5,0.0001,"/Users/julianvanmeggelen/ray_results/lambda_2023-05-13_12-32-15/lambda_6e25a_00017_17_activation=Tanh,hidden=5,lr=0.0001_2023-05-13_12-51-42"
81,0.0093279397115111,0.2721321582794189,False,930,6e25a_00081,2023-05-13_14-22-15,1683980535,284.12266302108765,4050,Julians-MBP,127.0.0.1,284.12266302108765,930,Tanh,3,0.005,"/Users/julianvanmeggelen/ray_results/lambda_2023-05-13_12-32-15/lambda_6e25a_00081_81_activation=Tanh,hidden=3,lr=0.0050_2023-05-13_14-17-30"
102,0.0093406699597835,0.2553849220275879,False,930,6e25a_00102,2023-05-13_14-49-51,1683982191,232.2918598651886,4049,Julians-MBP,127.0.0.1,232.2918598651886,930,Sigmoid,2,0.01,"/Users/julianvanmeggelen/ray_results/lambda_2023-05-13_12-32-15/lambda_6e25a_00102_102_activation=Sigmoid,hidden=2,lr=0.0100_2023-05-13_14-45-59"
13,0.0093529699370265,0.4155530929565429,False,930,6e25a_00013,2023-05-13_12-52-20,1683975140,394.85641503334045,4050,Julians-MBP,127.0.0.1,394.85641503334045,930,Tanh,4,0.0001,"/Users/julianvanmeggelen/ray_results/lambda_2023-05-13_12-32-15/lambda_6e25a_00013_13_activation=Tanh,hidden=4,lr=0.0001_2023-05-13_12-45-45"
5,0.0093649625778198,0.385934829711914,False,930,6e25a_00005,2023-05-13_12-41-29,1683974489,325.1465609073639,4050,Julians-MBP,127.0.0.1,325.1465609073639,930,Tanh,2,0.0001,"/Users/julianvanmeggelen/ray_results/lambda_2023-05-13_12-32-15/lambda_6e25a_00005_5_activation=Tanh,hidden=2,lr=0.0001_2023-05-13_12-36-03"
1,0.0093678096309304,0.2142128944396972,False,930,6e25a_00001,2023-05-13_12-36-12,1683974172,222.7861099243164,4048,Julians-MBP,127.0.0.1,222.7861099243164,930,Tanh,1,0.0001,"/Users/julianvanmeggelen/ray_results/lambda_2023-05-13_12-32-15/lambda_6e25a_00001_1_activation=Tanh,hidden=1,lr=0.0001_2023-05-13_12-32-23"
26,0.0093923946842551,0.2354319095611572,False,930,6e25a_00026,2023-05-13_13-10-02,1683976202,212.66644978523252,4049,Julians-MBP,127.0.0.1,212.66644978523252,930,Sigmoid,1,0.0005,"/Users/julianvanmeggelen/ray_results/lambda_2023-05-13_12-32-15/lambda_6e25a_00026_26_activation=Sigmoid,hidden=1,lr=0.0005_2023-05-13_13-06-29"
9,0.0093924589455127,0.3309509754180908,False,930,6e25a_00009,2023-05-13_12-46-01,1683974761,292.38702917099,4048,Julians-MBP,127.0.0.1,292.38702917099,930,Tanh,3,0.0001,"/Users/julianvanmeggelen/ray_results/lambda_2023-05-13_12-32-15/lambda_6e25a_00009_9_activation=Tanh,hidden=3,lr=0.0001_2023-05-13_12-41-09"
50,0.0094465361908078,0.1800229549407959,False,930,6e25a_00050,2023-05-13_13-47-37,1683978457,293.44125485420227,4048,Julians-MBP,127.0.0.1,293.44125485420227,930,Sigmoid,1,0.001,"/Users/julianvanmeggelen/ray_results/lambda_2023-05-13_12-32-15/lambda_6e25a_00050_50_activation=Sigmoid,hidden=1,lr=0.0010_2023-05-13_13-42-44"
4,0.0094579979777336,0.2479588985443115,False,930,6e25a_00004,2023-05-13_12-39-59,1683974399,262.057963848114,4047,Julians-MBP,127.0.0.1,262.057963848114,930,Identity,2,0.0001,"/Users/julianvanmeggelen/ray_results/lambda_2023-05-13_12-32-15/lambda_6e25a_00004_4_activation=Identity,hidden=2,lr=0.0001_2023-05-13_12-35-37"
105,0.0094918711110949,0.2644140720367431,False,930,6e25a_00105,2023-05-13_14-52-22,1683982342,286.0254578590393,4050,Julians-MBP,127.0.0.1,286.0254578590393,930,Tanh,3,0.01,"/Users/julianvanmeggelen/ray_results/lambda_2023-05-13_12-32-15/lambda_6e25a_00105_105_activation=Tanh,hidden=3,lr=0.0100_2023-05-13_14-47-36"
101,0.0095342407003045,0.2385540008544922,False,930,6e25a_00101,2023-05-13_14-47-36,1683982056,241.6389238834381,4050,Julians-MBP,127.0.0.1,241.6389238834381,930,Tanh,2,0.01,"/Users/julianvanmeggelen/ray_results/lambda_2023-05-13_12-32-15/lambda_6e25a_00101_101_activation=Tanh,hidden=2,lr=0.0100_2023-05-13_14-43-34"
109,0.0095896841958165,0.3218939304351806,False,930,6e25a_00109,2023-05-13_14-57-51,1683982671,329.1977427005768,4050,Julians-MBP,127.0.0.1,329.1977427005768,930,Tanh,4,0.01,"/Users/julianvanmeggelen/ray_results/lambda_2023-05-13_12-32-15/lambda_6e25a_00109_109_activation=Tanh,hidden=4,lr=0.0100_2023-05-13_14-52-22"
16,0.0095921251922845,0.3596410751342773,False,930,6e25a_00016,2023-05-13_12-54-18,1683975258,339.9179177284241,4047,Julians-MBP,127.0.0.1,339.9179177284241,930,Identity,5,0.0001,"/Users/julianvanmeggelen/ray_results/lambda_2023-05-13_12-32-15/lambda_6e25a_00016_16_activation=Identity,hidden=5,lr=0.0001_2023-05-13_12-48-38"
27,0.0096240481361746,0.215897798538208,False,930,6e25a_00027,2023-05-13_13-10-27,1683976227,205.8366389274597,4047,Julians-MBP,127.0.0.1,205.8366389274597,930,ReLU,1,0.0005,"/Users/julianvanmeggelen/ray_results/lambda_2023-05-13_12-32-15/lambda_6e25a_00027_27_activation=ReLU,hidden=1,lr=0.0005_2023-05-13_13-07-01"
73,0.0096771456301212,0.2046289443969726,False,930,6e25a_00073,2023-05-13_14-12-52,1683979972,186.4655408859253,4047,Julians-MBP,127.0.0.1,186.4655408859253,930,Tanh,1,0.005,"/Users/julianvanmeggelen/ray_results/lambda_2023-05-13_12-32-15/lambda_6e25a_00073_73_activation=Tanh,hidden=1,lr=0.0050_2023-05-13_14-09-45"
74,0.0097259702160954,0.1817409992218017,False,930,6e25a_00074,2023-05-13_14-15-56,1683980156,184.2369430065155,4047,Julians-MBP,127.0.0.1,184.2369430065155,930,Sigmoid,1,0.005,"/Users/julianvanmeggelen/ray_results/lambda_2023-05-13_12-32-15/lambda_6e25a_00074_74_activation=Sigmoid,hidden=1,lr=0.0050_2023-05-13_14-12-52"
54,0.0097488081082701,0.2245509624481201,False,930,6e25a_00054,2023-05-13_13-51-44,1683978704,250.2619359493256,4049,Julians-MBP,127.0.0.1,250.2619359493256,930,Sigmoid,2,0.001,"/Users/julianvanmeggelen/ray_results/lambda_2023-05-13_12-32-15/lambda_6e25a_00054_54_activation=Sigmoid,hidden=2,lr=0.0010_2023-05-13_13-47-33"
36,0.0097771482542157,0.3742501735687256,False,930,6e25a_00036,2023-05-13_13-19-53,1683976793,280.0996313095093,4048,Julians-MBP,127.0.0.1,280.0996313095093,930,Identity,4,0.0005,"/Users/julianvanmeggelen/ray_results/lambda_2023-05-13_12-32-15/lambda_6e25a_00036_36_activation=Identity,hidden=4,lr=0.0005_2023-05-13_13-15-13"
89,0.0097903804853558,0.3664910793304443,False,930,6e25a_00089,2023-05-13_14-34-06,1683981246,383.0484998226166,4050,Julians-MBP,127.0.0.1,383.0484998226166,930,Tanh,5,0.005,"/Users/julianvanmeggelen/ray_results/lambda_2023-05-13_12-32-15/lambda_6e25a_00089_89_activation=Tanh,hidden=5,lr=0.0050_2023-05-13_14-27-43"
0,0.0098090637475252,0.1626088619232177,False,930,6e25a_00000,2023-05-13_12-35-36,1683974136,193.7922561168671,4047,Julians-MBP,127.0.0.1,193.7922561168671,930,Identity,1,0.0001,"/Users/julianvanmeggelen/ray_results/lambda_2023-05-13_12-32-15/lambda_6e25a_00000_0_activation=Identity,hidden=1,lr=0.0001_2023-05-13_12-32-18"
24,0.0098294224590063,0.2410428524017334,False,930,6e25a_00024,2023-05-13_13-03-25,1683975805,187.7231879234314,4047,Julians-MBP,127.0.0.1,187.7231879234314,930,Identity,1,0.0005,"/Users/julianvanmeggelen/ray_results/lambda_2023-05-13_12-32-15/lambda_6e25a_00024_24_activation=Identity,hidden=1,lr=0.0005_2023-05-13_13-00-17"
98,0.0098320767283439,0.1756260395050048,False,930,6e25a_00098,2023-05-13_14-45-58,1683981958,187.25293707847595,4049,Julians-MBP,127.0.0.1,187.25293707847595,930,Sigmoid,1,0.01,"/Users/julianvanmeggelen/ray_results/lambda_2023-05-13_12-32-15/lambda_6e25a_00098_98_activation=Sigmoid,hidden=1,lr=0.0100_2023-05-13_14-42-51"
8,0.0098578920587897,0.2271530628204345,False,930,6e25a_00008,2023-05-13_12-44-11,1683974651,252.5903868675232,4047,Julians-MBP,127.0.0.1,252.5903868675232,930,Identity,3,0.0001,"/Users/julianvanmeggelen/ray_results/lambda_2023-05-13_12-32-15/lambda_6e25a_00008_8_activation=Identity,hidden=3,lr=0.0001_2023-05-13_12-39-59"
32,0.009872643277049,0.2474329471588134,False,930,6e25a_00032,2023-05-13_13-15-13,1683976513,254.13034510612488,4048,Julians-MBP,127.0.0.1,254.13034510612488,930,Identity,3,0.0005,"/Users/julianvanmeggelen/ray_results/lambda_2023-05-13_12-32-15/lambda_6e25a_00032_32_activation=Identity,hidden=3,lr=0.0005_2023-05-13_13-10-59"
44,0.0099057331681251,0.4157660007476806,False,930,6e25a_00044,2023-05-13_13-33-17,1683977597,474.4100468158722,4047,Julians-MBP,127.0.0.1,474.4100468158722,930,Identity,6,0.0005,"/Users/julianvanmeggelen/ray_results/lambda_2023-05-13_12-32-15/lambda_6e25a_00044_44_activation=Identity,hidden=6,lr=0.0005_2023-05-13_13-25-23"
117,0.0099170394241809,0.7652208805084229,False,930,6e25a_00117,2023-05-13_15-11-38,1683983498,448.2415838241577,4050,Julians-MBP,127.0.0.1,448.2415838241577,930,Tanh,6,0.01,"/Users/julianvanmeggelen/ray_results/lambda_2023-05-13_12-32-15/lambda_6e25a_00117_117_activation=Tanh,hidden=6,lr=0.0100_2023-05-13_15-04-10"
56,0.0100153116509318,0.2482538223266601,False,930,6e25a_00056,2023-05-13_13-52-11,1683978731,239.98641085624692,4047,Julians-MBP,127.0.0.1,239.98641085624692,930,Identity,3,0.001,"/Users/julianvanmeggelen/ray_results/lambda_2023-05-13_12-32-15/lambda_6e25a_00056_56_activation=Identity,hidden=3,lr=0.0010_2023-05-13_13-48-11"
2,0.0100432662293314,0.1752018928527832,False,930,6e25a_00002,2023-05-13_12-36-09,1683974169,219.81121492385864,4049,Julians-MBP,127.0.0.1,219.81121492385864,930,Sigmoid,1,0.0001,"/Users/julianvanmeggelen/ray_results/lambda_2023-05-13_12-32-15/lambda_6e25a_00002_2_activation=Sigmoid,hidden=1,lr=0.0001_2023-05-13_12-32-23"
12,0.0100719174370169,0.3194348812103271,False,930,6e25a_00012,2023-05-13_12-48-38,1683974918,266.80100178718567,4047,Julians-MBP,127.0.0.1,266.80100178718567,930,Identity,4,0.0001,"/Users/julianvanmeggelen/ray_results/lambda_2023-05-13_12-32-15/lambda_6e25a_00012_12_activation=Identity,hidden=4,lr=0.0001_2023-05-13_12-44-11"
97,0.0101391384378075,0.2018208503723144,False,930,6e25a_00097,2023-05-13_14-42-51,1683981771,212.7755467891693,4049,Julians-MBP,127.0.0.1,212.7755467891693,930,Tanh,1,0.01,"/Users/julianvanmeggelen/ray_results/lambda_2023-05-13_12-32-15/lambda_6e25a_00097_97_activation=Tanh,hidden=1,lr=0.0100_2023-05-13_14-39-18"
39,0.0101399309933185,0.3325231075286865,False,930,6e25a_00039,2023-05-13_13-25-00,1683977100,324.8033299446106,4049,Julians-MBP,127.0.0.1,324.8033299446106,930,ReLU,4,0.0005,"/Users/julianvanmeggelen/ray_results/lambda_2023-05-13_12-32-15/lambda_6e25a_00039_39_activation=ReLU,hidden=4,lr=0.0005_2023-05-13_13-19-36"
48,0.0101587828248739,0.1745750904083252,False,930,6e25a_00048,2023-05-13_13-38-28,1683977908,255.02971196174624,4049,Julians-MBP,127.0.0.1,255.02971196174624,930,Identity,1,0.001,"/Users/julianvanmeggelen/ray_results/lambda_2023-05-13_12-32-15/lambda_6e25a_00048_48_activation=Identity,hidden=1,lr=0.0010_2023-05-13_13-34-13"
72,0.0101655926555395,0.1523621082305908,False,930,6e25a_00072,2023-05-13_14-09-45,1683979785,159.93870210647583,4047,Julians-MBP,127.0.0.1,159.93870210647583,930,Identity,1,0.005,"/Users/julianvanmeggelen/ray_results/lambda_2023-05-13_12-32-15/lambda_6e25a_00072_72_activation=Identity,hidden=1,lr=0.0050_2023-05-13_14-07-05"
52,0.010169394314289,0.2205560207366943,False,930,6e25a_00052,2023-05-13_13-48-11,1683978491,297.4874460697174,4047,Julians-MBP,127.0.0.1,297.4874460697174,930,Identity,2,0.001,"/Users/julianvanmeggelen/ray_results/lambda_2023-05-13_12-32-15/lambda_6e25a_00052_52_activation=Identity,hidden=2,lr=0.0010_2023-05-13_13-43-13"
60,0.0101791368797421,0.315638780593872,False,930,6e25a_00060,2023-05-13_13-56-24,1683978984,252.74868774414065,4047,Julians-MBP,127.0.0.1,252.74868774414065,930,Identity,4,0.001,"/Users/julianvanmeggelen/ray_results/lambda_2023-05-13_12-32-15/lambda_6e25a_00060_60_activation=Identity,hidden=4,lr=0.0010_2023-05-13_13-52-11"
76,0.0101904682815074,0.2220678329467773,False,930,6e25a_00076,2023-05-13_14-16-24,1683980184,194.89270997047424,4049,Julians-MBP,127.0.0.1,194.89270997047424,930,Identity,2,0.005,"/Users/julianvanmeggelen/ray_results/lambda_2023-05-13_12-32-15/lambda_6e25a_00076_76_activation=Identity,hidden=2,lr=0.0050_2023-05-13_14-13-09"
51,0.0102501800283789,0.1955189704895019,False,930,6e25a_00051,2023-05-13_13-47-33,1683978453,285.24957966804504,4049,Julians-MBP,127.0.0.1,285.24957966804504,930,ReLU,1,0.001,"/Users/julianvanmeggelen/ray_results/lambda_2023-05-13_12-32-15/lambda_6e25a_00051_51_activation=ReLU,hidden=1,lr=0.0010_2023-05-13_13-42-48"
20,0.010257190093398,0.4007596969604492,False,930,6e25a_00020,2023-05-13_13-00-17,1683975617,358.33931279182434,4047,Julians-MBP,127.0.0.1,358.33931279182434,930,Identity,6,0.0001,"/Users/julianvanmeggelen/ray_results/lambda_2023-05-13_12-32-15/lambda_6e25a_00020_20_activation=Identity,hidden=6,lr=0.0001_2023-05-13_12-54-18"
68,0.0102805104106664,0.2970409393310547,False,930,6e25a_00068,2023-05-13_14-06-27,1683979587,301.5496470928192,4049,Julians-MBP,127.0.0.1,301.5496470928192,930,Identity,6,0.001,"/Users/julianvanmeggelen/ray_results/lambda_2023-05-13_12-32-15/lambda_6e25a_00068_68_activation=Identity,hidden=6,lr=0.0010_2023-05-13_14-01-26"
91,0.0104905311018228,0.590846061706543,False,930,6e25a_00091,2023-05-13_14-34-53,1683981293,351.39878606796265,4049,Julians-MBP,127.0.0.1,351.39878606796265,930,ReLU,5,0.005,"/Users/julianvanmeggelen/ray_results/lambda_2023-05-13_12-32-15/lambda_6e25a_00091_91_activation=ReLU,hidden=5,lr=0.0050_2023-05-13_14-29-02"
40,0.0106105459854006,0.3237287998199463,False,930,6e25a_00040,2023-05-13_13-25-08,1683977108,314.61257910728455,4048,Julians-MBP,127.0.0.1,314.61257910728455,930,Identity,5,0.0005,"/Users/julianvanmeggelen/ray_results/lambda_2023-05-13_12-32-15/lambda_6e25a_00040_40_activation=Identity,hidden=5,lr=0.0005_2023-05-13_13-19-54"
28,0.0106136538088321,0.2375082969665527,False,930,6e25a_00028,2023-05-13_13-10-59,1683976259,225.8585369586945,4048,Julians-MBP,127.0.0.1,225.8585369586945,930,Identity,2,0.0005,"/Users/julianvanmeggelen/ray_results/lambda_2023-05-13_12-32-15/lambda_6e25a_00028_28_activation=Identity,hidden=2,lr=0.0005_2023-05-13_13-07-13"
96,0.0106300534680485,0.2239911556243896,False,930,6e25a_00096,2023-05-13_14-39-18,1683981558,264.7957980632782,4049,Julians-MBP,127.0.0.1,264.7957980632782,930,Identity,1,0.01,"/Users/julianvanmeggelen/ray_results/lambda_2023-05-13_12-32-15/lambda_6e25a_00096_96_activation=Identity,hidden=1,lr=0.0100_2023-05-13_14-34-53"
31,0.0106300879269838,0.2450311183929443,False,930,6e25a_00031,2023-05-13_13-14-35,1683976475,248.5289740562439,4047,Julians-MBP,127.0.0.1,248.5289740562439,930,ReLU,2,0.0005,"/Users/julianvanmeggelen/ray_results/lambda_2023-05-13_12-32-15/lambda_6e25a_00031_31_activation=ReLU,hidden=2,lr=0.0005_2023-05-13_13-10-27"
83,0.0106768188998103,0.2570071220397949,False,930,6e25a_00083,2023-05-13_14-24-05,1683980645,259.09627413749695,4047,Julians-MBP,127.0.0.1,259.09627413749695,930,ReLU,3,0.005,"/Users/julianvanmeggelen/ray_results/lambda_2023-05-13_12-32-15/lambda_6e25a_00083_83_activation=ReLU,hidden=3,lr=0.0050_2023-05-13_14-19-46"
64,0.0106803141534328,0.5041780471801758,False,930,6e25a_00064,2023-05-13_14-01-02,1683979262,278.2596731185913,4047,Julians-MBP,127.0.0.1,278.2596731185913,930,Identity,5,0.001,"/Users/julianvanmeggelen/ray_results/lambda_2023-05-13_12-32-15/lambda_6e25a_00064_64_activation=Identity,hidden=5,lr=0.0010_2023-05-13_13-56-24"
43,0.0108471335843205,0.4638838768005371,False,930,6e25a_00043,2023-05-13_13-33-38,1683977618,510.06850504875183,4048,Julians-MBP,127.0.0.1,510.06850504875183,930,ReLU,5,0.0005,"/Users/julianvanmeggelen/ray_results/lambda_2023-05-13_12-32-15/lambda_6e25a_00043_43_activation=ReLU,hidden=5,lr=0.0005_2023-05-13_13-25-08"
55,0.0108690345659852,0.3002769947052002,False,930,6e25a_00055,2023-05-13_13-51-33,1683978693,235.07575488090515,4048,Julians-MBP,127.0.0.1,235.07575488090515,930,ReLU,2,0.001,"/Users/julianvanmeggelen/ray_results/lambda_2023-05-13_12-32-15/lambda_6e25a_00055_55_activation=ReLU,hidden=2,lr=0.0010_2023-05-13_13-47-38"
59,0.0110293058678507,0.348438024520874,False,930,6e25a_00059,2023-05-13_13-56-08,1683978968,264.0488681793213,4049,Julians-MBP,127.0.0.1,264.0488681793213,930,ReLU,3,0.001,"/Users/julianvanmeggelen/ray_results/lambda_2023-05-13_12-32-15/lambda_6e25a_00059_59_activation=ReLU,hidden=3,lr=0.0010_2023-05-13_13-51-44"
67,0.0110492650419473,0.3821618556976318,False,930,6e25a_00067,2023-05-13_14-06-45,1683979605,335.47804403305054,4048,Julians-MBP,127.0.0.1,335.47804403305054,930,ReLU,5,0.001,"/Users/julianvanmeggelen/ray_results/lambda_2023-05-13_12-32-15/lambda_6e25a_00067_67_activation=ReLU,hidden=5,lr=0.0010_2023-05-13_14-01-09"
106,0.0110797705128788,0.2564952373504638,False,930,6e25a_00106,2023-05-13_14-54-20,1683982460,268.92653799057007,4049,Julians-MBP,127.0.0.1,268.92653799057007,930,Sigmoid,3,0.01,"/Users/julianvanmeggelen/ray_results/lambda_2023-05-13_12-32-15/lambda_6e25a_00106_106_activation=Sigmoid,hidden=3,lr=0.0100_2023-05-13_14-49-51"
80,0.0111426245421171,0.4272541999816894,False,930,6e25a_00080,2023-05-13_14-20-06,1683980406,221.31573295593265,4049,Julians-MBP,127.0.0.1,221.31573295593265,930,Identity,3,0.005,"/Users/julianvanmeggelen/ray_results/lambda_2023-05-13_12-32-15/lambda_6e25a_00080_80_activation=Identity,hidden=3,lr=0.0050_2023-05-13_14-16-24"
35,0.0111827878281474,0.3730030059814453,False,930,6e25a_00035,2023-05-13_13-19-22,1683976762,286.9931321144104,4047,Julians-MBP,127.0.0.1,286.9931321144104,930,ReLU,3,0.0005,"/Users/julianvanmeggelen/ray_results/lambda_2023-05-13_12-32-15/lambda_6e25a_00035_35_activation=ReLU,hidden=3,lr=0.0005_2023-05-13_13-14-35"
71,0.0112644983455538,0.3569099903106689,False,930,6e25a_00071,2023-05-13_14-12-56,1683979976,370.7880470752716,4048,Julians-MBP,127.0.0.1,370.7880470752716,930,ReLU,6,0.001,"/Users/julianvanmeggelen/ray_results/lambda_2023-05-13_12-32-15/lambda_6e25a_00071_71_activation=ReLU,hidden=6,lr=0.0010_2023-05-13_14-06-45"
30,0.011310108937323,0.2763879299163818,False,930,6e25a_00030,2023-05-13_13-14-26,1683976466,263.93366289138794,4049,Julians-MBP,127.0.0.1,263.93366289138794,930,Sigmoid,2,0.0005,"/Users/julianvanmeggelen/ray_results/lambda_2023-05-13_12-32-15/lambda_6e25a_00030_30_activation=Sigmoid,hidden=2,lr=0.0005_2023-05-13_13-10-02"
7,0.011773076839745,0.2251381874084472,False,930,6e25a_00007,2023-05-13_12-41-09,1683974469,296.47310090065,4048,Julians-MBP,127.0.0.1,296.47310090065,930,ReLU,2,0.0001,"/Users/julianvanmeggelen/ray_results/lambda_2023-05-13_12-32-15/lambda_6e25a_00007_7_activation=ReLU,hidden=2,lr=0.0001_2023-05-13_12-36-12"
47,0.0118386670947074,0.3776397705078125,False,930,6e25a_00047,2023-05-13_13-42-44,1683978164,545.3898258209229,4048,Julians-MBP,127.0.0.1,545.3898258209229,930,ReLU,6,0.0005,"/Users/julianvanmeggelen/ray_results/lambda_2023-05-13_12-32-15/lambda_6e25a_00047_47_activation=ReLU,hidden=6,lr=0.0005_2023-05-13_13-33-38"
75,0.0119327176362276,0.1683840751647949,False,930,6e25a_00075,2023-05-13_14-15-57,1683980157,181.13605403900144,4048,Julians-MBP,127.0.0.1,181.13605403900144,930,ReLU,1,0.005,"/Users/julianvanmeggelen/ray_results/lambda_2023-05-13_12-32-15/lambda_6e25a_00075_75_activation=ReLU,hidden=1,lr=0.0050_2023-05-13_14-12-56"
63,0.0120322573930025,0.2904403209686279,False,930,6e25a_00063,2023-05-13_14-01-09,1683979269,293.95931100845337,4048,Julians-MBP,127.0.0.1,293.95931100845337,930,ReLU,4,0.001,"/Users/julianvanmeggelen/ray_results/lambda_2023-05-13_12-32-15/lambda_6e25a_00063_63_activation=ReLU,hidden=4,lr=0.0010_2023-05-13_13-56-15"
103,0.0123473796993494,0.2402379512786865,False,930,6e25a_00103,2023-05-13_14-50-06,1683982206,224.76249384880063,4047,Julians-MBP,127.0.0.1,224.76249384880063,930,ReLU,2,0.01,"/Users/julianvanmeggelen/ray_results/lambda_2023-05-13_12-32-15/lambda_6e25a_00103_103_activation=ReLU,hidden=2,lr=0.0100_2023-05-13_14-46-22"
79,0.0123507194221019,0.2113866806030273,False,930,6e25a_00079,2023-05-13_14-19-40,1683980380,222.5720739364624,4048,Julians-MBP,127.0.0.1,222.5720739364624,930,ReLU,2,0.005,"/Users/julianvanmeggelen/ray_results/lambda_2023-05-13_12-32-15/lambda_6e25a_00079_79_activation=ReLU,hidden=2,lr=0.0050_2023-05-13_14-15-57"
99,0.0124076269567012,0.1772117614746093,False,930,6e25a_00099,2023-05-13_14-46-22,1683981982,184.0766978263855,4047,Julians-MBP,127.0.0.1,184.0766978263855,930,ReLU,1,0.01,"/Users/julianvanmeggelen/ray_results/lambda_2023-05-13_12-32-15/lambda_6e25a_00099_99_activation=ReLU,hidden=1,lr=0.0100_2023-05-13_14-43-17"
95,0.0124380998313426,0.3900201320648193,False,930,6e25a_00095,2023-05-13_14-43-20,1683981800,515.5388531684875,4048,Julians-MBP,127.0.0.1,515.5388531684875,930,ReLU,6,0.005,"/Users/julianvanmeggelen/ray_results/lambda_2023-05-13_12-32-15/lambda_6e25a_00095_95_activation=ReLU,hidden=6,lr=0.0050_2023-05-13_14-34-44"
107,0.0125633021816611,0.2807600498199463,False,930,6e25a_00107,2023-05-13_14-54-27,1683982467,260.4286389350891,4047,Julians-MBP,127.0.0.1,260.4286389350891,930,ReLU,3,0.01,"/Users/julianvanmeggelen/ray_results/lambda_2023-05-13_12-32-15/lambda_6e25a_00107_107_activation=ReLU,hidden=3,lr=0.0100_2023-05-13_14-50-07"
111,0.0127786649391055,0.2910618782043457,False,930,6e25a_00111,2023-05-13_14-59-23,1683982763,297.3696599006653,4048,Julians-MBP,127.0.0.1,297.3696599006653,930,ReLU,4,0.01,"/Users/julianvanmeggelen/ray_results/lambda_2023-05-13_12-32-15/lambda_6e25a_00111_111_activation=ReLU,hidden=4,lr=0.0100_2023-05-13_14-54-26"
11,0.0127828158438205,0.2542111873626709,False,930,6e25a_00011,2023-05-13_12-45-45,1683974745,255.8264579772949,4050,Julians-MBP,127.0.0.1,255.8264579772949,930,ReLU,3,0.0001,"/Users/julianvanmeggelen/ray_results/lambda_2023-05-13_12-32-15/lambda_6e25a_00011_11_activation=ReLU,hidden=3,lr=0.0001_2023-05-13_12-41-29"
3,0.012808047235012,0.1653687953948974,False,930,6e25a_00003,2023-05-13_12-36-03,1683974163,213.7465980052948,4050,Julians-MBP,127.0.0.1,213.7465980052948,930,ReLU,1,0.0001,"/Users/julianvanmeggelen/ray_results/lambda_2023-05-13_12-32-15/lambda_6e25a_00003_3_activation=ReLU,hidden=1,lr=0.0001_2023-05-13_12-32-23"
19,0.0129168285056948,0.3988711833953857,False,930,6e25a_00019,2023-05-13_12-58-57,1683975537,397.24676299095154,4050,Julians-MBP,127.0.0.1,397.24676299095154,930,ReLU,5,0.0001,"/Users/julianvanmeggelen/ray_results/lambda_2023-05-13_12-32-15/lambda_6e25a_00019_19_activation=ReLU,hidden=5,lr=0.0001_2023-05-13_12-52-20"
82,0.0130456201732158,0.3204319477081299,False,930,6e25a_00082,2023-05-13_14-24-10,1683980650,269.98713779449463,4048,Julians-MBP,127.0.0.1,269.98713779449463,930,Sigmoid,3,0.005,"/Users/julianvanmeggelen/ray_results/lambda_2023-05-13_12-32-15/lambda_6e25a_00082_82_activation=Sigmoid,hidden=3,lr=0.0050_2023-05-13_14-19-40"
87,0.0133004691451787,0.2979812622070312,False,930,6e25a_00087,2023-05-13_14-29-02,1683980942,294.02062726020813,4049,Julians-MBP,127.0.0.1,294.02062726020813,930,ReLU,4,0.005,"/Users/julianvanmeggelen/ray_results/lambda_2023-05-13_12-32-15/lambda_6e25a_00087_87_activation=ReLU,hidden=4,lr=0.0050_2023-05-13_14-24-08"
115,0.0134638892486691,0.334306001663208,False,930,6e25a_00115,2023-05-13_15-05-02,1683983102,338.86079001426697,4048,Julians-MBP,127.0.0.1,338.86079001426697,930,ReLU,5,0.01,"/Users/julianvanmeggelen/ray_results/lambda_2023-05-13_12-32-15/lambda_6e25a_00115_115_activation=ReLU,hidden=5,lr=0.0100_2023-05-13_14-59-23"
15,0.0139976926147937,0.3974189758300781,False,930,6e25a_00015,2023-05-13_12-51-41,1683975101,340.0161898136139,4048,Julians-MBP,127.0.0.1,340.0161898136139,930,ReLU,4,0.0001,"/Users/julianvanmeggelen/ray_results/lambda_2023-05-13_12-32-15/lambda_6e25a_00015_15_activation=ReLU,hidden=4,lr=0.0001_2023-05-13_12-46-01"
58,0.0145781198516488,0.2809791564941406,False,930,6e25a_00058,2023-05-13_13-56-15,1683978975,282.13174510002136,4048,Julians-MBP,127.0.0.1,282.13174510002136,930,Sigmoid,3,0.001,"/Users/julianvanmeggelen/ray_results/lambda_2023-05-13_12-32-15/lambda_6e25a_00058_58_activation=Sigmoid,hidden=3,lr=0.0010_2023-05-13_13-51-33"
119,0.0148864556103944,0.4581220149993896,False,930,6e25a_00119,2023-05-13_15-11-28,1683983488,390.5048141479492,4047,Julians-MBP,127.0.0.1,390.5048141479492,930,ReLU,6,0.01,"/Users/julianvanmeggelen/ray_results/lambda_2023-05-13_12-32-15/lambda_6e25a_00119_119_activation=ReLU,hidden=6,lr=0.0100_2023-05-13_15-04-57"
23,0.0157492831349372,0.4047820568084717,False,930,6e25a_00023,2023-05-13_13-06-29,1683975989,417.5533518791199,4049,Julians-MBP,127.0.0.1,417.5533518791199,930,ReLU,6,0.0001,"/Users/julianvanmeggelen/ray_results/lambda_2023-05-13_12-32-15/lambda_6e25a_00023_23_activation=ReLU,hidden=6,lr=0.0001_2023-05-13_12-59-32"
6,0.0161877647042274,0.2993588447570801,False,930,6e25a_00006,2023-05-13_12-41-23,1683974483,313.4488859176636,4049,Julians-MBP,127.0.0.1,313.4488859176636,930,Sigmoid,2,0.0001,"/Users/julianvanmeggelen/ray_results/lambda_2023-05-13_12-32-15/lambda_6e25a_00006_6_activation=Sigmoid,hidden=2,lr=0.0001_2023-05-13_12-36-09"
110,0.016821501776576,0.2993040084838867,False,930,6e25a_00110,2023-05-13_14-59-32,1683982772,312.10453701019287,4049,Julians-MBP,127.0.0.1,312.10453701019287,930,Sigmoid,4,0.01,"/Users/julianvanmeggelen/ray_results/lambda_2023-05-13_12-32-15/lambda_6e25a_00110_110_activation=Sigmoid,hidden=4,lr=0.0100_2023-05-13_14-54-20"
126,0.017491091042757,0.3172640800476074,False,930,6e25a_00126,2023-05-13_15-20-35,1683984035,313.6269061565399,4047,Julians-MBP,127.0.0.1,313.6269061565399,930,Sigmoid,2,0.05,"/Users/julianvanmeggelen/ray_results/lambda_2023-05-13_12-32-15/lambda_6e25a_00126_126_activation=Sigmoid,hidden=2,lr=0.0500_2023-05-13_15-15-21"
86,0.017700333148241,0.3046600818634033,False,930,6e25a_00086,2023-05-13_14-29-15,1683980955,309.42673206329346,4047,Julians-MBP,127.0.0.1,309.42673206329346,930,Sigmoid,4,0.005,"/Users/julianvanmeggelen/ray_results/lambda_2023-05-13_12-32-15/lambda_6e25a_00086_86_activation=Sigmoid,hidden=4,lr=0.0050_2023-05-13_14-24-05"
34,0.0191636644303798,0.2936708927154541,False,930,6e25a_00034,2023-05-13_13-19-35,1683976775,309.3416790962219,4049,Julians-MBP,127.0.0.1,309.3416790962219,930,Sigmoid,3,0.0005,"/Users/julianvanmeggelen/ray_results/lambda_2023-05-13_12-32-15/lambda_6e25a_00034_34_activation=Sigmoid,hidden=3,lr=0.0005_2023-05-13_13-14-26"
62,0.0213677771389484,0.2873411178588867,False,930,6e25a_00062,2023-05-13_14-01-25,1683979285,317.21287393569946,4049,Julians-MBP,127.0.0.1,317.21287393569946,930,Sigmoid,4,0.001,"/Users/julianvanmeggelen/ray_results/lambda_2023-05-13_12-32-15/lambda_6e25a_00062_62_activation=Sigmoid,hidden=4,lr=0.0010_2023-05-13_13-56-08"
38,0.0220126174390316,0.3432247638702392,False,930,6e25a_00038,2023-05-13_13-25-23,1683977123,360.1459758281708,4047,Julians-MBP,127.0.0.1,360.1459758281708,930,Sigmoid,4,0.0005,"/Users/julianvanmeggelen/ray_results/lambda_2023-05-13_12-32-15/lambda_6e25a_00038_38_activation=Sigmoid,hidden=4,lr=0.0005_2023-05-13_13-19-23"
10,0.0225390866398811,0.2835781574249267,False,930,6e25a_00010,2023-05-13_12-45-59,1683974759,276.2618863582611,4049,Julians-MBP,127.0.0.1,276.2618863582611,930,Sigmoid,3,0.0001,"/Users/julianvanmeggelen/ray_results/lambda_2023-05-13_12-32-15/lambda_6e25a_00010_10_activation=Sigmoid,hidden=3,lr=0.0001_2023-05-13_12-41-23"
14,0.024822549894452,0.3891067504882812,False,930,6e25a_00014,2023-05-13_12-52-15,1683975135,375.2863306999207,4049,Julians-MBP,127.0.0.1,375.2863306999207,930,Sigmoid,4,0.0001,"/Users/julianvanmeggelen/ray_results/lambda_2023-05-13_12-32-15/lambda_6e25a_00014_14_activation=Sigmoid,hidden=4,lr=0.0001_2023-05-13_12-45-59"
143,0.0281331948935985,0.2462861537933349,False,930,6e25a_00143,2023-05-13_15-42-09,1683985329,322.3024492263794,4047,Julians-MBP,127.0.0.1,322.3024492263794,930,ReLU,6,0.05,"/Users/julianvanmeggelen/ray_results/lambda_2023-05-13_12-32-15/lambda_6e25a_00143_143_activation=ReLU,hidden=6,lr=0.0500_2023-05-13_15-36-46"
142,0.0281514748930931,0.1980369091033935,False,930,6e25a_00142,2023-05-13_15-42-17,1683985337,351.28643584251404,4049,Julians-MBP,127.0.0.1,351.28643584251404,930,Sigmoid,6,0.05,"/Users/julianvanmeggelen/ray_results/lambda_2023-05-13_12-32-15/lambda_6e25a_00142_142_activation=Sigmoid,hidden=6,lr=0.0500_2023-05-13_15-36-26"
114,0.0281991809606552,0.3428668975830078,False,930,6e25a_00114,2023-05-13_15-04-57,1683983097,356.55034279823303,4047,Julians-MBP,127.0.0.1,356.55034279823303,930,Sigmoid,5,0.01,"/Users/julianvanmeggelen/ray_results/lambda_2023-05-13_12-32-15/lambda_6e25a_00114_114_activation=Sigmoid,hidden=5,lr=0.0100_2023-05-13_14-59-00"
127,0.0282254125922918,0.2361109256744384,False,930,6e25a_00127,2023-05-13_15-19-35,1683983975,251.88560009002688,4048,Julians-MBP,127.0.0.1,251.88560009002688,930,ReLU,2,0.05,"/Users/julianvanmeggelen/ray_results/lambda_2023-05-13_12-32-15/lambda_6e25a_00127_127_activation=ReLU,hidden=2,lr=0.0500_2023-05-13_15-15-23"
46,0.0282828621566295,0.494844913482666,False,930,6e25a_00046,2023-05-13_13-43-13,1683978193,595.4995310306549,4047,Julians-MBP,127.0.0.1,595.4995310306549,930,Sigmoid,6,0.0005,"/Users/julianvanmeggelen/ray_results/lambda_2023-05-13_12-32-15/lambda_6e25a_00046_46_activation=Sigmoid,hidden=6,lr=0.0005_2023-05-13_13-33-17"
123,0.0283130817115306,0.1767578125,False,930,6e25a_00123,2023-05-13_15-15-21,1683983721,233.11751008033752,4047,Julians-MBP,127.0.0.1,233.11751008033752,930,ReLU,1,0.05,"/Users/julianvanmeggelen/ray_results/lambda_2023-05-13_12-32-15/lambda_6e25a_00123_123_activation=ReLU,hidden=1,lr=0.0500_2023-05-13_15-11-28"
70,0.0283742453902959,0.3921022415161133,False,930,6e25a_00070,2023-05-13_14-13-09,1683979989,401.871885061264,4049,Julians-MBP,127.0.0.1,401.871885061264,930,Sigmoid,6,0.001,"/Users/julianvanmeggelen/ray_results/lambda_2023-05-13_12-32-15/lambda_6e25a_00070_70_activation=Sigmoid,hidden=6,lr=0.0010_2023-05-13_14-06-27"
42,0.0283862799406051,0.4058098793029785,False,930,6e25a_00042,2023-05-13_13-34-13,1683977653,552.2597529888153,4049,Julians-MBP,127.0.0.1,552.2597529888153,930,Sigmoid,5,0.0005,"/Users/julianvanmeggelen/ray_results/lambda_2023-05-13_12-32-15/lambda_6e25a_00042_42_activation=Sigmoid,hidden=5,lr=0.0005_2023-05-13_13-25-01"
131,0.0283962488174438,0.3027377128601074,False,930,6e25a_00131,2023-05-13_15-24-34,1683984274,283.1498775482178,4049,Julians-MBP,127.0.0.1,283.1498775482178,930,ReLU,3,0.05,"/Users/julianvanmeggelen/ray_results/lambda_2023-05-13_12-32-15/lambda_6e25a_00131_131_activation=ReLU,hidden=3,lr=0.0500_2023-05-13_15-19-51"
94,0.0284309219568967,0.383735179901123,False,930,6e25a_00094,2023-05-13_14-43-17,1683981797,540.6627359390259,4047,Julians-MBP,127.0.0.1,540.6627359390259,930,Sigmoid,6,0.005,"/Users/julianvanmeggelen/ray_results/lambda_2023-05-13_12-32-15/lambda_6e25a_00094_94_activation=Sigmoid,hidden=6,lr=0.0050_2023-05-13_14-34-17"
90,0.0284566264599561,0.6251928806304932,False,930,6e25a_00090,2023-05-13_14-34-44,1683981284,363.5614230632782,4048,Julians-MBP,127.0.0.1,363.5614230632782,930,Sigmoid,5,0.005,"/Users/julianvanmeggelen/ray_results/lambda_2023-05-13_12-32-15/lambda_6e25a_00090_90_activation=Sigmoid,hidden=5,lr=0.0050_2023-05-13_14-28-40"
118,0.0284681227058172,0.4769380092620849,False,930,6e25a_00118,2023-05-13_15-11-28,1683983488,416.7225289344788,4049,Julians-MBP,127.0.0.1,416.7225289344788,930,Sigmoid,6,0.01,"/Users/julianvanmeggelen/ray_results/lambda_2023-05-13_12-32-15/lambda_6e25a_00118_118_activation=Sigmoid,hidden=6,lr=0.0100_2023-05-13_15-04-31"
22,0.0284863170236349,0.4413602352142334,False,930,6e25a_00022,2023-05-13_13-07-13,1683976033,468.4323501586914,4048,Julians-MBP,127.0.0.1,468.4323501586914,930,Sigmoid,6,0.0001,"/Users/julianvanmeggelen/ray_results/lambda_2023-05-13_12-32-15/lambda_6e25a_00022_22_activation=Sigmoid,hidden=6,lr=0.0001_2023-05-13_12-59-24"
139,0.0285023022443056,0.3704681396484375,False,930,6e25a_00139,2023-05-13_15-36-46,1683985006,381.69546914100647,4047,Julians-MBP,127.0.0.1,381.69546914100647,930,ReLU,5,0.05,"/Users/julianvanmeggelen/ray_results/lambda_2023-05-13_12-32-15/lambda_6e25a_00139_139_activation=ReLU,hidden=5,lr=0.0500_2023-05-13_15-30-24"
66,0.0285027436912059,0.925901174545288,False,930,6e25a_00066,2023-05-13_14-07-05,1683979625,362.5793480873108,4047,Julians-MBP,127.0.0.1,362.5793480873108,930,Sigmoid,5,0.001,"/Users/julianvanmeggelen/ray_results/lambda_2023-05-13_12-32-15/lambda_6e25a_00066_66_activation=Sigmoid,hidden=5,lr=0.0010_2023-05-13_14-01-02"
18,0.0285079032182693,0.538773775100708,False,930,6e25a_00018,2023-05-13_12-59-31,1683975571,436.6329457759857,4049,Julians-MBP,127.0.0.1,436.6329457759857,930,Sigmoid,5,0.0001,"/Users/julianvanmeggelen/ray_results/lambda_2023-05-13_12-32-15/lambda_6e25a_00018_18_activation=Sigmoid,hidden=5,lr=0.0001_2023-05-13_12-52-15"
138,0.0287152957171201,0.3910861015319824,False,930,6e25a_00138,2023-05-13_15-37-17,1683985037,420.5946049690247,4048,Julians-MBP,127.0.0.1,420.5946049690247,930,Sigmoid,5,0.05,"/Users/julianvanmeggelen/ray_results/lambda_2023-05-13_12-32-15/lambda_6e25a_00138_138_activation=Sigmoid,hidden=5,lr=0.0500_2023-05-13_15-30-16"
134,0.0287210941314697,0.3733959197998047,False,930,6e25a_00134,2023-05-13_15-30-40,1683984640,366.1641800403595,4049,Julians-MBP,127.0.0.1,366.1641800403595,930,Sigmoid,4,0.05,"/Users/julianvanmeggelen/ray_results/lambda_2023-05-13_12-32-15/lambda_6e25a_00134_134_activation=Sigmoid,hidden=4,lr=0.0500_2023-05-13_15-24-34"
122,0.0287775751203298,0.2072010040283203,False,930,6e25a_00122,2023-05-13_15-15-23,1683983723,267.7764430046081,4048,Julians-MBP,127.0.0.1,267.7764430046081,930,Sigmoid,1,0.05,"/Users/julianvanmeggelen/ray_results/lambda_2023-05-13_12-32-15/lambda_6e25a_00122_122_activation=Sigmoid,hidden=1,lr=0.0500_2023-05-13_15-10-55"
135,0.0288028120994567,0.3353438377380371,False,930,6e25a_00135,2023-05-13_15-30-16,1683984616,335.60407400131226,4048,Julians-MBP,127.0.0.1,335.60407400131226,930,ReLU,4,0.05,"/Users/julianvanmeggelen/ray_results/lambda_2023-05-13_12-32-15/lambda_6e25a_00135_135_activation=ReLU,hidden=4,lr=0.0500_2023-05-13_15-24-40"
130,0.0290745813399553,0.2936699390411377,False,930,6e25a_00130,2023-05-13_15-24-40,1683984280,305.427129983902,4048,Julians-MBP,127.0.0.1,305.427129983902,930,Sigmoid,3,0.05,"/Users/julianvanmeggelen/ray_results/lambda_2023-05-13_12-32-15/lambda_6e25a_00130_130_activation=Sigmoid,hidden=3,lr=0.0500_2023-05-13_15-19-35"
113,0.0292437355965375,0.3681149482727051,False,930,6e25a_00113,2023-05-13_15-04-10,1683983050,378.23300099372864,4050,Julians-MBP,127.0.0.1,378.23300099372864,930,Tanh,5,0.01,"/Users/julianvanmeggelen/ray_results/lambda_2023-05-13_12-32-15/lambda_6e25a_00113_113_activation=Tanh,hidden=5,lr=0.0100_2023-05-13_14-57-52"
100,0.0304408594965934,0.1850528717041015,False,930,6e25a_00100,2023-05-13_14-46-38,1683981998,198.31898188591003,4048,Julians-MBP,127.0.0.1,198.31898188591003,930,Identity,2,0.01,"/Users/julianvanmeggelen/ray_results/lambda_2023-05-13_12-32-15/lambda_6e25a_00100_100_activation=Identity,hidden=2,lr=0.0100_2023-05-13_14-43-20"
125,0.032484982162714,0.2579991817474365,False,930,6e25a_00125,2023-05-13_15-16-29,1683983789,289.71524596214294,4050,Julians-MBP,127.0.0.1,289.71524596214294,930,Tanh,2,0.05,"/Users/julianvanmeggelen/ray_results/lambda_2023-05-13_12-32-15/lambda_6e25a_00125_125_activation=Tanh,hidden=2,lr=0.0500_2023-05-13_15-11-39"
121,0.0353457890450954,0.3471009731292724,False,930,6e25a_00121,2023-05-13_15-10-55,1683983455,193.78213691711423,4048,Julians-MBP,127.0.0.1,193.78213691711423,930,Tanh,1,0.05,"/Users/julianvanmeggelen/ray_results/lambda_2023-05-13_12-32-15/lambda_6e25a_00121_121_activation=Tanh,hidden=1,lr=0.0500_2023-05-13_15-07-41"
88,0.0403871648013591,0.255242109298706,False,930,6e25a_00088,2023-05-13_14-28-40,1683980920,270.22365713119507,4048,Julians-MBP,127.0.0.1,270.22365713119507,930,Identity,5,0.005,"/Users/julianvanmeggelen/ray_results/lambda_2023-05-13_12-32-15/lambda_6e25a_00088_88_activation=Identity,hidden=5,lr=0.0050_2023-05-13_14-24-10"
133,0.0431968495249748,0.4073231220245361,False,930,6e25a_00133,2023-05-13_15-27-49,1683984469,363.1365649700165,4050,Julians-MBP,127.0.0.1,363.1365649700165,930,Tanh,4,0.05,"/Users/julianvanmeggelen/ray_results/lambda_2023-05-13_12-32-15/lambda_6e25a_00133_133_activation=Tanh,hidden=4,lr=0.0500_2023-05-13_15-21-46"
129,0.0437312610447406,0.2959902286529541,False,930,6e25a_00129,2023-05-13_15-21-45,1683984105,316.66992115974426,4050,Julians-MBP,127.0.0.1,316.66992115974426,930,Tanh,3,0.05,"/Users/julianvanmeggelen/ray_results/lambda_2023-05-13_12-32-15/lambda_6e25a_00129_129_activation=Tanh,hidden=3,lr=0.0500_2023-05-13_15-16-29"
141,0.0480198562145233,0.3497540950775146,False,930,6e25a_00141,2023-05-13_15-41-45,1683985305,398.0579929351807,4050,Julians-MBP,127.0.0.1,398.0579929351807,930,Tanh,6,0.05,"/Users/julianvanmeggelen/ray_results/lambda_2023-05-13_12-32-15/lambda_6e25a_00141_141_activation=Tanh,hidden=6,lr=0.0500_2023-05-13_15-35-07"
137,0.0481038577854633,0.4991281032562256,False,930,6e25a_00137,2023-05-13_15-35-07,1683984907,437.7249662876129,4050,Julians-MBP,127.0.0.1,437.7249662876129,930,Tanh,5,0.05,"/Users/julianvanmeggelen/ray_results/lambda_2023-05-13_12-32-15/lambda_6e25a_00137_137_activation=Tanh,hidden=5,lr=0.0500_2023-05-13_15-27-49"
84,0.0512848906219005,0.2290380001068115,False,930,6e25a_00084,2023-05-13_14-24-07,1683980647,241.7439558506012,4049,Julians-MBP,127.0.0.1,241.7439558506012,930,Identity,4,0.005,"/Users/julianvanmeggelen/ray_results/lambda_2023-05-13_12-32-15/lambda_6e25a_00084_84_activation=Identity,hidden=4,lr=0.0050_2023-05-13_14-20-06"
120,0.1495090425014495,0.1576321125030517,False,930,6e25a_00120,2023-05-13_15-07-41,1683983261,158.6562750339508,4048,Julians-MBP,127.0.0.1,158.6562750339508,930,Identity,1,0.05,"/Users/julianvanmeggelen/ray_results/lambda_2023-05-13_12-32-15/lambda_6e25a_00120_120_activation=Identity,hidden=1,lr=0.0500_2023-05-13_15-05-02"
132,0.3010945320129394,0.2614789009094238,False,930,6e25a_00132,2023-05-13_15-25-09,1683984309,274.43753695487976,4047,Julians-MBP,127.0.0.1,274.43753695487976,930,Identity,4,0.05,"/Users/julianvanmeggelen/ray_results/lambda_2023-05-13_12-32-15/lambda_6e25a_00132_132_activation=Identity,hidden=4,lr=0.0500_2023-05-13_15-20-35"
104,81.4115982055664,0.2044479846954345,False,930,6e25a_00104,2023-05-13_14-50-22,1683982222,223.37375903129575,4048,Julians-MBP,127.0.0.1,223.37375903129575,930,Identity,3,0.01,"/Users/julianvanmeggelen/ray_results/lambda_2023-05-13_12-32-15/lambda_6e25a_00104_104_activation=Identity,hidden=3,lr=0.0100_2023-05-13_14-46-38"
92,14669.1396484375,0.3202996253967285,False,930,6e25a_00092,2023-05-13_14-34-16,1683981256,301.72687578201294,4047,Julians-MBP,127.0.0.1,301.72687578201294,930,Identity,6,0.005,"/Users/julianvanmeggelen/ray_results/lambda_2023-05-13_12-32-15/lambda_6e25a_00092_92_activation=Identity,hidden=6,lr=0.0050_2023-05-13_14-29-15"
108,127519992.0,0.3473320007324219,False,930,6e25a_00108,2023-05-13_14-54-26,1683982466,243.66018986701965,4048,Julians-MBP,127.0.0.1,243.66018986701965,930,Identity,4,0.01,"/Users/julianvanmeggelen/ray_results/lambda_2023-05-13_12-32-15/lambda_6e25a_00108_108_activation=Identity,hidden=4,lr=0.0100_2023-05-13_14-50-22"
124,1241784832.0,0.1903769969940185,False,930,6e25a_00124,2023-05-13_15-15-37,1683983737,248.5930769443512,4049,Julians-MBP,127.0.0.1,248.5930769443512,930,Identity,2,0.05,"/Users/julianvanmeggelen/ray_results/lambda_2023-05-13_12-32-15/lambda_6e25a_00124_124_activation=Identity,hidden=2,lr=0.0500_2023-05-13_15-11-28"
112,146836073480192.0,0.2841532230377197,False,930,6e25a_00112,2023-05-13_14-59-00,1683982740,273.213907957077,4047,Julians-MBP,127.0.0.1,273.213907957077,930,Identity,5,0.01,"/Users/julianvanmeggelen/ray_results/lambda_2023-05-13_12-32-15/lambda_6e25a_00112_112_activation=Identity,hidden=5,lr=0.0100_2023-05-13_14-54-27"
116,1680754920652800.0,0.3136258125305176,False,930,6e25a_00116,2023-05-13_15-04-31,1683983071,298.5607869625092,4049,Julians-MBP,127.0.0.1,298.5607869625092,930,Identity,6,0.01,"/Users/julianvanmeggelen/ray_results/lambda_2023-05-13_12-32-15/lambda_6e25a_00116_116_activation=Identity,hidden=6,lr=0.0100_2023-05-13_14-59-32"
128,2760411988361216.0,0.2923920154571533,False,930,6e25a_00128,2023-05-13_15-19-50,1683983990,253.40776801109317,4049,Julians-MBP,127.0.0.1,253.40776801109317,930,Identity,3,0.05,"/Users/julianvanmeggelen/ray_results/lambda_2023-05-13_12-32-15/lambda_6e25a_00128_128_activation=Identity,hidden=3,lr=0.0500_2023-05-13_15-15-37"
140,4.72686963678249e+16,0.367185115814209,False,930,6e25a_00140,2023-05-13_15-36-26,1683984986,345.70784616470337,4049,Julians-MBP,127.0.0.1,345.70784616470337,930,Identity,6,0.05,"/Users/julianvanmeggelen/ray_results/lambda_2023-05-13_12-32-15/lambda_6e25a_00140_140_activation=Identity,hidden=6,lr=0.0500_2023-05-13_15-30-40"
136,5.756985759970099e+16,0.299638032913208,False,930,6e25a_00136,2023-05-13_15-30-24,1683984624,314.7032310962677,4047,Julians-MBP,127.0.0.1,314.7032310962677,930,Identity,5,0.05,"/Users/julianvanmeggelen/ray_results/lambda_2023-05-13_12-32-15/lambda_6e25a_00136_136_activation=Identity,hidden=5,lr=0.0500_2023-05-13_15-25-09"
